Date,NAV (USD),Market price (EUR)
2025-02-10 00:00:00,115.4506,111.9
2025-02-07 00:00:00,114.6682,111.24
2025-02-06 00:00:00,115.761,111.445
2025-02-05 00:00:00,115.3408,110.19
2025-02-04 00:00:00,114.8878,110.76
2025-02-03 00:00:00,114.0637,110.835
2025-01-31 00:00:00,114.9321,111.84
2025-01-30 00:00:00,115.5092,110.33
2025-01-29 00:00:00,114.9018,110.475
2025-01-28 00:00:00,115.4417,110.115
2025-01-27 00:00:00,114.3878,108.48
2025-01-24 00:00:00,116.0799,110.765
2025-01-23 00:00:00,116.4032,111.435
2025-01-22 00:00:00,115.7867,111.365
2025-01-21 00:00:00,115.079,110.2
2025-01-20 00:00:00,114.0767,110.24
2025-01-17 00:00:00,114.0773,110.945
2025-01-16 00:00:00,112.9472,109.87
2025-01-15 00:00:00,113.1845,109.695
2025-01-14 00:00:00,111.1399,107.83
2025-01-13 00:00:00,111.0125,108.06
2025-01-10 00:00:00,110.8386,108.165
2025-01-09 00:00:00,112.555,109.285
2025-01-08 00:00:00,112.5552,109.125
2025-01-07 00:00:00,112.3783,109.015
2025-01-06 00:00:00,113.6391,110.02
2025-01-03 00:00:00,113.0065,109.5
2025-01-02 00:00:00,111.5937,109.515
2024-12-31 00:00:00,111.8388,107.75
2024-12-30 00:00:00,112.3116,107.75
2024-12-27 00:00:00,113.5266,108.91
2024-12-26 00:00:00,114.7873,109.264
2024-12-24 00:00:00,114.8258,108.445
2024-12-23 00:00:00,113.5721,108.445
2024-12-20 00:00:00,112.7458,108.735
2024-12-19 00:00:00,111.5288,108.24
2024-12-18 00:00:00,111.6254,110.085
2024-12-17 00:00:00,115.0166,109.66
2024-12-16 00:00:00,115.4611,109.94
2024-12-13 00:00:00,115.0114,109.65
2024-12-12 00:00:00,115.0024,110.045
2024-12-11 00:00:00,115.6286,110.2
2024-12-10 00:00:00,114.6908,109.59
2024-12-09 00:00:00,115.0311,109.06
2024-12-06 00:00:00,115.7289,109.545
2024-12-05 00:00:00,115.4305,109.44
2024-12-04 00:00:00,115.6406,109.61
2024-12-03 00:00:00,114.9434,109.245
2024-12-02 00:00:00,114.8897,109.51
2024-11-29 00:00:00,114.5973,108.66
2024-11-28 00:00:00,113.9486,108.325
2024-11-27 00:00:00,113.9488,107.845
2024-11-26 00:00:00,114.3781,108.98
2024-11-25 00:00:00,113.7213,108.49
2024-11-22 00:00:00,113.3788,108.83
2024-11-21 00:00:00,112.9837,107.575
2024-11-20 00:00:00,112.3692,106.135
2024-11-19 00:00:00,112.3641,106.055
2024-11-18 00:00:00,111.9202,106.12
2024-11-15 00:00:00,111.4697,105.855
2024-11-14 00:00:00,112.9489,107.435
2024-11-13 00:00:00,113.6254,107.725
2024-11-12 00:00:00,113.5948,107.205
2024-11-11 00:00:00,113.919,107.175
2024-11-08 00:00:00,113.8094,106.12
2024-11-07 00:00:00,113.3634,104.97
2024-11-06 00:00:00,112.525,104.43
2024-11-05 00:00:00,109.7485,100.32
2024-11-04 00:00:00,108.418,99.756
2024-11-01 00:00:00,108.7195,100.77
2024-10-31 00:00:00,108.2715,100.185
2024-10-30 00:00:00,110.3192,102.115
2024-10-29 00:00:00,110.682,102.43
2024-10-28 00:00:00,110.5039,102.26
2024-10-25 00:00:00,110.2111,102.515
2024-10-24 00:00:00,110.2437,101.995
2024-10-23 00:00:00,110.0081,102.27
2024-10-22 00:00:00,111.0273,102.53
2024-10-21 00:00:00,111.08,102.18
2024-10-18 00:00:00,111.2797,102.425
2024-10-17 00:00:00,110.8348,102.65
2024-10-16 00:00:00,110.853,101.6
2024-10-15 00:00:00,110.3359,101.72
2024-10-14 00:00:00,111.1742,101.7
2024-10-11 00:00:00,110.3242,100.7
2024-10-10 00:00:00,109.6604,100.47
2024-10-09 00:00:00,109.8736,100.225
2024-10-08 00:00:00,109.0952,99.32
2024-10-07 00:00:00,108.048,99.154
2024-10-04 00:00:00,109.0933,98.79
2024-10-03 00:00:00,108.1044,98.172
2024-10-02 00:00:00,108.2865,98.22
2024-10-01 00:00:00,108.2663,97.834
2024-09-30 00:00:00,109.281,97.61
2024-09-27 00:00:00,108.8126,97.698
2024-09-26 00:00:00,108.9468,97.312
2024-09-25 00:00:00,108.5025,97.432
2024-09-24 00:00:00,108.7046,97.326
2024-09-23 00:00:00,108.4319,97.414
2024-09-20 00:00:00,108.1283,96.822
2024-09-19 00:00:00,108.3385,97.212
2024-09-18 00:00:00,106.5252,96.038
2024-09-17 00:00:00,106.8335,96.51
2024-09-16 00:00:00,106.8035,95.772
2024-09-13 00:00:00,106.6517,96.292
2024-09-12 00:00:00,106.0633,95.558
2024-09-11 00:00:00,105.273,93.57
2024-09-10 00:00:00,104.1615,94.222
2024-09-09 00:00:00,103.6956,93.754
2024-09-06 00:00:00,102.5003,92.694
2024-09-05 00:00:00,104.2892,93.932
2024-09-04 00:00:00,104.602,94.62
2024-09-03 00:00:00,104.7664,95.788
2024-09-02 00:00:00,107.0211,96.74
2024-08-30 00:00:00,107.0205,95.968
2024-08-29 00:00:00,105.9394,96.408
2024-08-28 00:00:00,105.9391,95.242
2024-08-27 00:00:00,106.5759,95.344
2024-08-26 00:00:00,106.3992,95.28
2024-08-23 00:00:00,106.7341,95.322
2024-08-22 00:00:00,105.5219,95.584
2024-08-21 00:00:00,106.4713,95.456
2024-08-20 00:00:00,106.0182,95.46
2024-08-19 00:00:00,106.2264,95.518
2024-08-16 00:00:00,105.195,95.452
2024-08-15 00:00:00,104.9737,95.304
2024-08-14 00:00:00,103.2822,93.65
2024-08-13 00:00:00,102.8862,93.416
2024-08-12 00:00:00,101.1766,92.522
2024-08-09 00:00:00,101.1613,92.31
2024-08-08 00:00:00,100.681,91.94
2024-08-07 00:00:00,98.4128,92.01
2024-08-06 00:00:00,99.1771,91.0
2024-08-05 00:00:00,98.1602,90.142
2024-08-02 00:00:00,101.1895,92.202
2024-08-01 00:00:00,103.0839,96.12
2024-07-31 00:00:00,104.5106,96.68
2024-07-30 00:00:00,102.8793,95.202
2024-07-29 00:00:00,103.3955,95.3
2024-07-26 00:00:00,103.311,94.988
2024-07-25 00:00:00,102.1726,95.026
2024-07-24 00:00:00,102.7001,95.344
2024-07-23 00:00:00,105.1328,97.364
2024-07-22 00:00:00,105.2972,96.212
2024-07-19 00:00:00,104.1699,95.854
2024-07-18 00:00:00,104.9138,96.498
2024-07-17 00:00:00,105.7401,97.024
2024-07-16 00:00:00,107.2327,98.218
2024-07-15 00:00:00,106.5522,98.092
2024-07-12 00:00:00,106.2434,97.772
2024-07-11 00:00:00,105.6607,97.43
2024-07-10 00:00:00,106.5912,97.816
2024-07-09 00:00:00,105.5031,97.68
2024-07-08 00:00:00,105.4234,97.32
2024-07-05 00:00:00,105.3142,96.978
2024-07-04 00:00:00,104.7297,96.806
2024-07-03 00:00:00,104.7298,96.74
2024-07-02 00:00:00,104.1982,96.668
2024-07-01 00:00:00,103.5564,96.392
2024-06-28 00:00:00,103.2763,97.104
2024-06-27 00:00:00,103.689,96.69
2024-06-26 00:00:00,103.5944,96.716
2024-06-25 00:00:00,103.4319,96.528
2024-06-24 00:00:00,103.0272,96.692
2024-06-21 00:00:00,103.3387,96.754
2024-06-20 00:00:00,103.4956,96.98
2024-06-19 00:00:00,103.7573,96.676
2024-06-18 00:00:00,103.7575,96.476
2024-06-17 00:00:00,103.4939,95.99
2024-06-14 00:00:00,102.6967,95.85
2024-06-13 00:00:00,102.7158,95.238
2024-06-12 00:00:00,102.4749,94.758
2024-06-11 00:00:00,101.6092,94.298
2024-06-10 00:00:00,101.3342,94.184
2024-06-07 00:00:00,101.0666,93.73
2024-06-06 00:00:00,101.1632,92.984
2024-06-05 00:00:00,101.1826,92.702
2024-06-04 00:00:00,99.9976,91.428
2024-06-03 00:00:00,99.843,91.574
2024-05-31 00:00:00,99.721,90.802
2024-05-30 00:00:00,98.9194,91.56
2024-05-29 00:00:00,99.5054,92.18
2024-05-28 00:00:00,100.2432,92.2
2024-05-27 00:00:00,100.2181,92.446
2024-05-24 00:00:00,100.2187,92.35
2024-05-23 00:00:00,99.5201,92.848
2024-05-22 00:00:00,100.2574,92.736
2024-05-21 00:00:00,100.5287,92.486
2024-05-20 00:00:00,100.2758,92.63
2024-05-17 00:00:00,100.1773,92.072
2024-05-16 00:00:00,100.0574,92.478
2024-05-15 00:00:00,100.2489,91.962
2024-05-14 00:00:00,99.0725,91.27
2024-05-13 00:00:00,98.5834,91.342
2024-05-10 00:00:00,98.6065,91.458
2024-05-09 00:00:00,98.4314,91.222
2024-05-08 00:00:00,97.917,91.08
2024-05-07 00:00:00,97.9176,90.98
2024-05-06 00:00:00,97.7821,90.334
2024-05-03 00:00:00,96.7811,89.674
2024-05-02 00:00:00,95.5771,88.8
2024-05-01 00:00:00,94.7115,88.7294
2024-04-30 00:00:00,95.0365,89.77
2024-04-29 00:00:00,96.5524,89.978
2024-04-26 00:00:00,96.243,90.102
2024-04-25 00:00:00,95.2694,88.25
2024-04-24 00:00:00,95.7061,89.426
2024-04-23 00:00:00,95.6855,89.336
2024-04-22 00:00:00,94.5528,88.334
2024-04-19 00:00:00,93.735,88.382
2024-04-18 00:00:00,94.5596,89.356
2024-04-17 00:00:00,94.7641,89.218
2024-04-16 00:00:00,95.3155,89.786
2024-04-15 00:00:00,95.512,91.128
2024-04-12 00:00:00,96.6736,91.4
2024-04-11 00:00:00,98.0914,90.854
2024-04-10 00:00:00,97.3649,90.564
2024-04-09 00:00:00,98.293,89.994
2024-04-08 00:00:00,98.1395,90.562
2024-04-05 00:00:00,98.1752,90.554
2024-04-04 00:00:00,97.0974,91.12
2024-04-03 00:00:00,98.3,91.08
2024-04-02 00:00:00,98.1891,91.018
2024-04-01 00:00:00,98.9026,91.6219
2024-03-28 00:00:00,99.101,91.748
2024-03-27 00:00:00,98.9885,91.06
2024-03-26 00:00:00,98.132,91.118
2024-03-25 00:00:00,98.4074,90.924
2024-03-22 00:00:00,98.7095,91.292
2024-03-21 00:00:00,98.8442,91.308
2024-03-20 00:00:00,98.5228,89.936
2024-03-19 00:00:00,97.6418,89.686
2024-03-18 00:00:00,97.0937,89.548
2024-03-15 00:00:00,96.4838,88.53
2024-03-14 00:00:00,97.1112,89.228
2024-03-13 00:00:00,97.3704,89.072
2024-03-12 00:00:00,97.5544,89.016
2024-03-11 00:00:00,96.4715,88.2
2024-03-08 00:00:00,96.5804,88.83
2024-03-07 00:00:00,97.2092,88.734
2024-03-06 00:00:00,96.2071,88.508
2024-03-05 00:00:00,95.7092,88.296
2024-03-04 00:00:00,96.6931,89.03
2024-03-01 00:00:00,96.8063,88.986
2024-02-29 00:00:00,96.0305,88.488
2024-02-28 00:00:00,95.5147,88.266
2024-02-27 00:00:00,95.666,88.014
2024-02-26 00:00:00,95.5002,88.276
2024-02-23 00:00:00,95.8609,88.646
2024-02-22 00:00:00,95.826,88.3
2024-02-21 00:00:00,93.84,86.566
2024-02-20 00:00:00,93.7183,86.608
2024-02-19 00:00:00,94.2817,87.636
2024-02-16 00:00:00,94.2822,87.924
2024-02-15 00:00:00,94.725,87.668
2024-02-14 00:00:00,94.1589,87.306
2024-02-13 00:00:00,93.2509,87.25
2024-02-12 00:00:00,94.5345,88.192
2024-02-09 00:00:00,94.6236,87.45
2024-02-08 00:00:00,94.0762,87.27
2024-02-07 00:00:00,94.0127,87.192
2024-02-06 00:00:00,93.2434,86.61
2024-02-05 00:00:00,93.0261,86.524
2024-02-02 00:00:00,93.3231,86.328
2024-02-01 00:00:00,92.3335,84.384
2024-01-31 00:00:00,91.1896,84.782
2024-01-30 00:00:00,92.6801,85.55
2024-01-29 00:00:00,92.7297,85.232
2024-01-26 00:00:00,92.0333,84.886
2024-01-25 00:00:00,92.0936,84.97
2024-01-24 00:00:00,91.6075,84.506
2024-01-23 00:00:00,91.5326,84.088
2024-01-22 00:00:00,91.2644,83.946
2024-01-19 00:00:00,91.0652,83.044
2024-01-18 00:00:00,89.9533,82.518
2024-01-17 00:00:00,89.1623,82.248
2024-01-16 00:00:00,89.6643,82.59
2024-01-15 00:00:00,89.9992,82.148
2024-01-12 00:00:00,89.9997,82.014
2024-01-11 00:00:00,89.9259,81.576
2024-01-10 00:00:00,89.9838,81.814
2024-01-09 00:00:00,89.4758,81.792
2024-01-08 00:00:00,89.5977,80.94
2024-01-05 00:00:00,88.3499,80.788
2024-01-04 00:00:00,88.1832,81.088
2024-01-03 00:00:00,88.4827,81.27
2024-01-02 00:00:00,89.1948,81.466
2023-12-29 00:00:00,89.7002,81.424
2023-12-28 00:00:00,89.9508,81.258
2023-12-27 00:00:00,89.9093,80.802
2023-12-26 00:00:00,89.777,81.1443
2023-12-22 00:00:00,89.399,81.262
2023-12-21 00:00:00,89.2509,81.02
2023-12-20 00:00:00,88.341,81.866
2023-12-19 00:00:00,89.648,81.562
2023-12-18 00:00:00,89.1189,81.602
2023-12-15 00:00:00,88.7169,81.364
2023-12-14 00:00:00,88.7199,80.68
2023-12-13 00:00:00,88.468,81.042
2023-12-12 00:00:00,87.2757,80.666
2023-12-11 00:00:00,86.8736,80.518
2023-12-08 00:00:00,86.5341,80.248
2023-12-07 00:00:00,86.1795,79.774
2023-12-06 00:00:00,85.4869,79.616
2023-12-05 00:00:00,85.8201,79.59
2023-12-04 00:00:00,85.8661,79.076
2023-12-01 00:00:00,86.3333,79.134
2023-11-30 00:00:00,85.8222,78.336
2023-11-29 00:00:00,85.4769,78.102
2023-11-28 00:00:00,85.5454,78.048
2023-11-27 00:00:00,85.4615,78.256
2023-11-24 00:00:00,85.6279,78.32
2023-11-23 00:00:00,85.5755,78.566
2023-11-22 00:00:00,85.5756,78.698
2023-11-21 00:00:00,85.2262,77.886
2023-11-20 00:00:00,85.3972,77.814
2023-11-17 00:00:00,84.7637,77.79
2023-11-16 00:00:00,84.6546,77.678
2023-11-15 00:00:00,84.537,78.114
2023-11-14 00:00:00,84.3892,77.916
2023-11-13 00:00:00,82.7952,77.41
2023-11-10 00:00:00,82.8607,76.936
2023-11-09 00:00:00,81.5763,76.828
2023-11-08 00:00:00,82.2279,76.698
2023-11-07 00:00:00,82.142,76.964
2023-11-06 00:00:00,81.9084,76.202
2023-11-03 00:00:00,81.7632,76.348
2023-11-02 00:00:00,80.9992,76.036
2023-11-01 00:00:00,79.4958,75.002
2023-10-31 00:00:00,78.6685,73.96
2023-10-30 00:00:00,78.1581,73.378
2023-10-27 00:00:00,77.2252,73.362
2023-10-26 00:00:00,77.5966,74.058
2023-10-25 00:00:00,78.5246,74.69
2023-10-24 00:00:00,79.6668,75.12
2023-10-23 00:00:00,79.091,74.7
2023-10-20 00:00:00,79.2248,75.008
2023-10-19 00:00:00,80.2325,76.516
2023-10-18 00:00:00,80.9133,77.326
2023-10-17 00:00:00,82.0123,77.574
2023-10-16 00:00:00,82.0206,77.834
2023-10-13 00:00:00,81.1593,77.426
2023-10-12 00:00:00,81.5677,77.724
2023-10-11 00:00:00,82.0734,76.968
2023-10-10 00:00:00,81.7191,77.412
2023-10-09 00:00:00,81.2945,76.442
2023-10-06 00:00:00,80.7858,75.76
2023-10-05 00:00:00,79.8317,75.38
2023-10-04 00:00:00,79.9239,75.584
2023-10-03 00:00:00,79.281,75.732
2023-10-02 00:00:00,80.3805,76.612
2023-09-29 00:00:00,80.3727,76.426
2023-09-28 00:00:00,80.5889,76.302
2023-09-27 00:00:00,80.1082,76.128
2023-09-26 00:00:00,80.0887,75.936
2023-09-25 00:00:00,81.2813,76.596
2023-09-22 00:00:00,80.9551,76.566
2023-09-21 00:00:00,81.1405,76.63
2023-09-20 00:00:00,82.4909,77.832
2023-09-19 00:00:00,83.2685,77.638
2023-09-18 00:00:00,83.4484,78.206
2023-09-15 00:00:00,83.3866,78.394
2023-09-14 00:00:00,84.4103,78.97
2023-09-13 00:00:00,83.685,78.12
2023-09-12 00:00:00,83.581,78.084
2023-09-11 00:00:00,84.0572,78.006
2023-09-08 00:00:00,83.4964,78.176
2023-09-07 00:00:00,83.3723,77.912
2023-09-06 00:00:00,83.6315,77.99
2023-09-05 00:00:00,84.2167,78.796
2023-09-04 00:00:00,84.5684,78.328
2023-09-01 00:00:00,84.5689,78.292
2023-08-31 00:00:00,84.411,78.084
2023-08-30 00:00:00,84.5296,77.31
2023-08-29 00:00:00,84.1952,77.332
2023-08-28 00:00:00,82.9892,76.59
2023-08-25 00:00:00,82.4721,76.206
2023-08-24 00:00:00,81.9108,76.174
2023-08-23 00:00:00,83.0265,76.334
2023-08-22 00:00:00,82.1184,75.926
2023-08-21 00:00:00,82.3465,75.124
2023-08-18 00:00:00,81.7832,75.094
2023-08-17 00:00:00,81.7911,75.724
2023-08-16 00:00:00,82.4135,76.24
2023-08-15 00:00:00,83.0299,76.356
2023-08-14 00:00:00,83.9894,76.738
2023-08-11 00:00:00,83.5055,76.072
2023-08-10 00:00:00,83.585,76.45
2023-08-09 00:00:00,83.5553,76.198
2023-08-08 00:00:00,84.1417,76.354
2023-08-07 00:00:00,84.4978,76.484
2023-08-04 00:00:00,83.7411,76.698
2023-08-03 00:00:00,84.1817,76.95
2023-08-02 00:00:00,84.3941,77.364
2023-08-01 00:00:00,85.5779,78.004
2023-07-31 00:00:00,85.8028,77.722
2023-07-28 00:00:00,85.6751,77.774
2023-07-27 00:00:00,84.831,78.08
2023-07-26 00:00:00,85.3749,77.024
2023-07-25 00:00:00,85.3872,77.272
2023-07-24 00:00:00,85.1466,76.896
2023-07-21 00:00:00,84.8037,76.512
2023-07-20 00:00:00,84.7767,76.424
2023-07-19 00:00:00,85.3466,76.358
2023-07-18 00:00:00,85.1449,75.55
2023-07-17 00:00:00,84.5433,75.172
2023-07-14 00:00:00,84.219,75.176
2023-07-13 00:00:00,84.3033,75.062
2023-07-12 00:00:00,83.5888,75.28
2023-07-11 00:00:00,82.9724,75.146
2023-07-10 00:00:00,82.4161,74.936
2023-07-07 00:00:00,82.2185,75.338
2023-07-06 00:00:00,82.4435,75.506
2023-07-05 00:00:00,83.0967,76.496
2023-07-04 00:00:00,83.252,76.36
2023-07-03 00:00:00,83.2521,76.242
2023-06-30 00:00:00,83.1492,76.02
2023-06-29 00:00:00,82.1393,75.376
2023-06-28 00:00:00,81.7656,74.93
2023-06-27 00:00:00,81.7945,74.25
2023-06-26 00:00:00,80.8684,74.362
2023-06-23 00:00:00,81.2319,74.656
2023-06-22 00:00:00,81.8586,74.474
2023-06-21 00:00:00,81.5494,74.564
2023-06-20 00:00:00,81.9753,74.986
2023-06-19 00:00:00,82.3647,75.272
2023-06-16 00:00:00,82.3652,75.64
2023-06-15 00:00:00,82.6677,75.324
2023-06-14 00:00:00,81.6612,75.536
2023-06-13 00:00:00,81.5785,75.594
2023-06-12 00:00:00,81.0143,74.928
2023-06-09 00:00:00,80.2666,74.674
2023-06-08 00:00:00,80.1726,74.232
2023-06-07 00:00:00,79.6723,74.688
2023-06-06 00:00:00,79.9753,74.708
2023-06-05 00:00:00,79.786,74.824
2023-06-02 00:00:00,79.9451,74.43
2023-06-01 00:00:00,78.7969,73.106
2023-05-31 00:00:00,78.0144,72.966
2023-05-30 00:00:00,78.4801,73.246
2023-05-29 00:00:00,78.4742,73.482
2023-05-26 00:00:00,78.4746,73.084
2023-05-25 00:00:00,77.4594,72.004
2023-05-24 00:00:00,76.7854,71.382
2023-05-23 00:00:00,77.3505,72.428
2023-05-22 00:00:00,78.2271,72.522
2023-05-19 00:00:00,78.2079,72.244
2023-05-18 00:00:00,78.3198,72.394
2023-05-17 00:00:00,77.5753,71.114
2023-05-16 00:00:00,76.6515,70.786
2023-05-15 00:00:00,77.1403,70.824
2023-05-12 00:00:00,76.9044,70.698
2023-05-11 00:00:00,77.0116,70.494
2023-05-10 00:00:00,77.129,70.196
2023-05-09 00:00:00,76.7832,70.236
2023-05-08 00:00:00,77.1319,69.902
2023-05-05 00:00:00,77.0964,69.716
2023-05-04 00:00:00,75.6944,68.786
2023-05-03 00:00:00,76.2379,69.476
2023-05-02 00:00:00,76.7734,69.496
2023-05-01 00:00:00,77.6727,70.1885
2023-04-28 00:00:00,77.7026,70.094
2023-04-27 00:00:00,77.0598,69.294
2023-04-26 00:00:00,75.5802,68.856
2023-04-25 00:00:00,75.8716,69.654
2023-04-24 00:00:00,77.0878,69.736
2023-04-21 00:00:00,77.0225,70.046
2023-04-20 00:00:00,76.9521,70.18
2023-04-19 00:00:00,77.4062,70.46
2023-04-18 00:00:00,77.413,70.528
2023-04-17 00:00:00,77.347,70.468
2023-04-14 00:00:00,77.0916,70.048
2023-04-13 00:00:00,77.2514,69.43
2023-04-12 00:00:00,76.2305,69.704
2023-04-11 00:00:00,76.5455,70.218
2023-04-10 00:00:00,76.5488,69.9846
2023-04-06 00:00:00,76.4717,69.678
2023-04-05 00:00:00,76.1856,69.67
2023-04-04 00:00:00,76.3682,69.744
2023-04-03 00:00:00,76.8077,70.236
2023-03-31 00:00:00,76.523,69.97
2023-03-30 00:00:00,75.432,69.154
2023-03-29 00:00:00,74.9952,68.868
2023-03-28 00:00:00,73.943,68.212
2023-03-27 00:00:00,74.0581,68.806
2023-03-24 00:00:00,73.937,68.222
2023-03-23 00:00:00,73.5223,68.212
2023-03-22 00:00:00,73.2986,68.968
2023-03-21 00:00:00,74.5198,68.808
2023-03-20 00:00:00,73.5603,68.326
2023-03-17 00:00:00,72.91,68.472
2023-03-16 00:00:00,73.7213,68.99
2023-03-15 00:00:00,72.44,68.106
2023-03-14 00:00:00,72.9472,68.226
2023-03-13 00:00:00,71.7273,67.26
2023-03-10 00:00:00,71.8443,68.628
2023-03-09 00:00:00,72.9086,70.268
2023-03-08 00:00:00,74.2693,70.218
2023-03-07 00:00:00,74.1592,70.512
2023-03-06 00:00:00,75.3117,70.922
2023-03-03 00:00:00,75.258,70.48
2023-03-02 00:00:00,74.0565,69.188
2023-03-01 00:00:00,73.4902,68.834
2023-02-28 00:00:00,73.8317,69.792
2023-02-27 00:00:00,74.0503,70.024
2023-02-24 00:00:00,73.8161,69.74
2023-02-23 00:00:00,74.5995,69.958
2023-02-22 00:00:00,74.1992,69.996
2023-02-21 00:00:00,74.3152,69.974
2023-02-20 00:00:00,75.8344,70.78
2023-02-17 00:00:00,75.8348,70.654
2023-02-16 00:00:00,76.0335,71.714
2023-02-15 00:00:00,77.0907,71.84
2023-02-14 00:00:00,76.8612,71.152
2023-02-13 00:00:00,76.875,71.51
2023-02-10 00:00:00,75.9955,70.992
2023-02-09 00:00:00,75.8163,71.302
2023-02-08 00:00:00,76.4822,71.358
2023-02-07 00:00:00,77.3369,71.47
2023-02-06 00:00:00,76.3534,71.352
2023-02-03 00:00:00,76.821,71.602
2023-02-02 00:00:00,77.622,71.162
2023-02-01 00:00:00,76.4944,69.138
2023-01-31 00:00:00,75.7019,69.198
2023-01-30 00:00:00,74.6088,69.126
2023-01-27 00:00:00,75.5829,69.556
2023-01-26 00:00:00,75.394,68.824
2023-01-25 00:00:00,74.5693,67.762
2023-01-24 00:00:00,74.5823,68.518
2023-01-23 00:00:00,74.6342,68.704
2023-01-20 00:00:00,73.7584,67.394
2023-01-19 00:00:00,72.3883,66.886
2023-01-18 00:00:00,72.9376,67.984
2023-01-17 00:00:00,74.0906,68.648
2023-01-16 00:00:00,74.2413,68.558
2023-01-13 00:00:00,74.2418,68.176
2023-01-12 00:00:00,73.9443,68.096
2023-01-11 00:00:00,73.6854,67.97
2023-01-10 00:00:00,72.7494,67.306
2023-01-09 00:00:00,72.2455,68.188
2023-01-06 00:00:00,72.2898,67.702
2023-01-05 00:00:00,70.675,67.23
2023-01-04 00:00:00,71.4981,67.618
2023-01-03 00:00:00,70.9602,67.03
2023-01-02 00:00:00,72.4885,68.046
2022-12-30 00:00:00,71.2425,66.456
2022-12-29 00:00:00,71.4205,66.934
2022-12-28 00:00:00,70.1877,66.462
2022-12-27 00:00:00,71.0412,66.822
2022-12-23 00:00:00,71.3256,66.914
2022-12-22 00:00:00,70.9082,66.738
2022-12-21 00:00:00,71.9481,67.888
2022-12-20 00:00:00,70.8853,66.552
2022-12-19 00:00:00,70.8094,66.912
2022-12-16 00:00:00,71.4495,67.278
2022-12-15 00:00:00,72.2499,67.92
2022-12-14 00:00:00,74.0921,70.424
2022-12-13 00:00:00,74.5312,70.614
2022-12-12 00:00:00,73.9894,69.554
2022-12-09 00:00:00,72.9481,69.782
2022-12-08 00:00:00,73.4857,69.548
2022-12-07 00:00:00,72.9274,69.438
2022-12-06 00:00:00,73.063,69.792
2022-12-05 00:00:00,74.1279,70.904
2022-12-02 00:00:00,75.4778,71.502
2022-12-01 00:00:00,75.5633,71.9
2022-11-30 00:00:00,75.6174,71.076
2022-11-29 00:00:00,73.3316,70.648
2022-11-28 00:00:00,73.4435,71.206
2022-11-25 00:00:00,74.5955,71.774
2022-11-24 00:00:00,74.615,71.886
2022-11-23 00:00:00,74.6151,71.914
2022-11-22 00:00:00,74.1732,71.692
2022-11-21 00:00:00,73.1783,71.3
2022-11-18 00:00:00,73.4497,70.856
2022-11-17 00:00:00,73.1001,70.346
2022-11-16 00:00:00,73.314,70.692
2022-11-15 00:00:00,73.9097,71.7
2022-11-14 00:00:00,73.2598,71.414
2022-11-11 00:00:00,73.9136,70.968
2022-11-10 00:00:00,73.2369,71.344
2022-11-09 00:00:00,69.386,69.934
2022-11-08 00:00:00,70.8451,70.8
2022-11-07 00:00:00,70.4505,70.08
2022-11-04 00:00:00,69.779,69.638
2022-11-03 00:00:00,68.8293,70.94
2022-11-02 00:00:00,69.5583,71.818
2022-11-01 00:00:00,71.342,72.34
2022-10-31 00:00:00,71.6353,72.522
2022-10-28 00:00:00,72.1714,71.868
2022-10-27 00:00:00,70.4304,70.95
2022-10-26 00:00:00,70.8603,71.294
2022-10-25 00:00:00,71.3871,71.286
2022-10-24 00:00:00,70.2445,70.752
2022-10-21 00:00:00,69.42,69.758
2022-10-20 00:00:00,67.8104,70.03
2022-10-19 00:00:00,68.3475,69.974
2022-10-18 00:00:00,68.8068,69.588
2022-10-17 00:00:00,68.028,69.282
2022-10-14 00:00:00,66.2734,68.792
2022-10-13 00:00:00,67.8773,68.576
2022-10-12 00:00:00,66.1521,68.484
2022-10-11 00:00:00,66.369,68.596
2022-10-10 00:00:00,66.8037,68.966
2022-10-07 00:00:00,67.3084,69.4
2022-10-06 00:00:00,69.2457,70.992
2022-10-05 00:00:00,69.9475,70.15
2022-10-04 00:00:00,70.0833,70.196
2022-10-03 00:00:00,67.9986,68.786
2022-09-30 00:00:00,66.2824,69.168
2022-09-29 00:00:00,67.2935,68.844
2022-09-28 00:00:00,68.7373,70.67
2022-09-27 00:00:00,67.4082,70.512
2022-09-26 00:00:00,67.5473,70.666
2022-09-23 00:00:00,68.2533,70.164
2022-09-22 00:00:00,69.4487,70.696
2022-09-21 00:00:00,70.0362,72.482
2022-09-20 00:00:00,71.2518,71.43
2022-09-19 00:00:00,71.4966,71.328
2022-09-16 00:00:00,71.5726,71.056
2022-09-15 00:00:00,72.0897,72.406
2022-09-14 00:00:00,72.9086,72.946
2022-09-13 00:00:00,72.6457,73.658
2022-09-12 00:00:00,75.9255,74.968
2022-09-09 00:00:00,75.1312,74.67
2022-09-08 00:00:00,73.9962,74.322
2022-09-07 00:00:00,73.5031,73.226
2022-09-06 00:00:00,72.1782,73.28
2022-09-05 00:00:00,72.4716,73.238
2022-09-02 00:00:00,72.4713,73.928
2022-09-01 00:00:00,73.2538,72.97
2022-08-31 00:00:00,73.0237,73.118
2022-08-30 00:00:00,73.586,73.57
2022-08-29 00:00:00,74.4014,74.504
2022-08-26 00:00:00,74.898,76.024
2022-08-25 00:00:00,77.5071,77.106
2022-08-24 00:00:00,76.4294,76.816
2022-08-23 00:00:00,76.206,76.492
2022-08-22 00:00:00,76.3763,77.242
2022-08-19 00:00:00,78.0399,77.7
2022-08-18 00:00:00,79.0578,78.04
2022-08-17 00:00:00,78.869,77.432
2022-08-16 00:00:00,79.4318,77.964
2022-08-15 00:00:00,79.2798,77.374
2022-08-12 00:00:00,78.9647,76.388
2022-08-11 00:00:00,77.6127,75.528
2022-08-10 00:00:00,77.6496,74.934
2022-08-09 00:00:00,76.0287,74.462
2022-08-08 00:00:00,76.3492,75.246
2022-08-05 00:00:00,76.4431,74.802
2022-08-04 00:00:00,76.5594,74.804
2022-08-03 00:00:00,76.6134,75.292
2022-08-02 00:00:00,75.4336,74.326
2022-08-01 00:00:00,75.9391,74.204
2022-07-29 00:00:00,76.1538,74.086
2022-07-28 00:00:00,75.0812,73.4
2022-07-27 00:00:00,74.1736,72.308
2022-07-26 00:00:00,72.2826,71.488
2022-07-25 00:00:00,73.1263,71.636
2022-07-22 00:00:00,73.0307,71.642
2022-07-21 00:00:00,73.7187,71.794
2022-07-20 00:00:00,72.9935,71.638
2022-07-19 00:00:00,72.5648,70.434
2022-07-18 00:00:00,70.6109,70.582
2022-07-15 00:00:00,71.2067,70.472
2022-07-14 00:00:00,69.8656,68.974
2022-07-13 00:00:00,70.0682,69.384
2022-07-12 00:00:00,70.3807,70.776
2022-07-11 00:00:00,71.0362,70.608
2022-07-08 00:00:00,71.864,70.894
2022-07-07 00:00:00,71.919,70.476
2022-07-06 00:00:00,70.8524,69.16
2022-07-05 00:00:00,70.5992,67.48
2022-07-04 00:00:00,70.4768,67.34
2022-07-01 00:00:00,70.4773,67.042
2022-06-30 00:00:00,69.7407,66.622
2022-06-29 00:00:00,70.3469,67.254
2022-06-28 00:00:00,70.3905,67.778
2022-06-27 00:00:00,71.8376,68.004
2022-06-24 00:00:00,72.0504,67.77
2022-06-23 00:00:00,69.9128,66.102
2022-06-22 00:00:00,69.2499,65.91
2022-06-21 00:00:00,69.3392,65.75
2022-06-20 00:00:00,67.6796,64.9
2022-06-17 00:00:00,67.68,64.648
2022-06-16 00:00:00,67.5302,64.456
2022-06-15 00:00:00,69.7931,66.704
2022-06-14 00:00:00,68.7882,66.178
2022-06-13 00:00:00,69.0281,66.726
2022-06-10 00:00:00,71.811,68.314
2022-06-09 00:00:00,73.9619,70.688
2022-06-08 00:00:00,75.7591,71.258
2022-06-07 00:00:00,76.5834,70.946
2022-06-06 00:00:00,75.8593,71.22
2022-06-03 00:00:00,75.6219,70.582
2022-06-02 00:00:00,76.8735,70.602
2022-06-01 00:00:00,75.4716,70.696
2022-05-31 00:00:00,76.0341,70.73
2022-05-30 00:00:00,76.5081,71.41
2022-05-27 00:00:00,76.5086,70.908
2022-05-26 00:00:00,74.6502,69.402
2022-05-25 00:00:00,73.1923,68.05
2022-05-24 00:00:00,72.5061,66.604
2022-05-23 00:00:00,73.0989,68.404
2022-05-20 00:00:00,71.7601,67.55
2022-05-19 00:00:00,71.7487,67.992
2022-05-18 00:00:00,72.1637,69.702
2022-05-17 00:00:00,75.1858,70.948
2022-05-16 00:00:00,73.6962,70.65
2022-05-13 00:00:00,73.9852,71.028
2022-05-12 00:00:00,72.2545,69.46
2022-05-11 00:00:00,72.3263,70.188
2022-05-10 00:00:00,73.535,69.392
2022-05-09 00:00:00,73.3544,70.034
2022-05-06 00:00:00,75.7779,71.65
2022-05-05 00:00:00,76.2008,72.78
2022-05-04 00:00:00,79.0103,72.29
2022-05-03 00:00:00,76.7186,73.122
2022-05-02 00:00:00,76.3495,72.106
2022-04-29 00:00:00,75.9185,73.75
2022-04-28 00:00:00,78.771,73.758
2022-04-27 00:00:00,76.8654,73.484
2022-04-26 00:00:00,76.704,72.682
2022-04-25 00:00:00,78.9252,72.568
2022-04-22 00:00:00,78.4778,73.838
2022-04-21 00:00:00,80.7153,75.754
2022-04-20 00:00:00,81.9181,75.728
2022-04-19 00:00:00,81.968,75.746
2022-04-18 00:00:00,80.6719,74.9582
2022-04-14 00:00:00,80.6888,75.384
2022-04-13 00:00:00,81.6808,74.934
2022-04-12 00:00:00,80.7653,75.398
2022-04-11 00:00:00,81.0545,74.924
2022-04-08 00:00:00,82.4317,76.134
2022-04-07 00:00:00,82.6496,75.184
2022-04-06 00:00:00,82.2909,75.218
2022-04-05 00:00:00,83.0982,76.634
2022-04-04 00:00:00,84.1433,76.202
2022-04-01 00:00:00,83.4678,75.306
2022-03-31 00:00:00,83.1848,75.974
2022-03-30 00:00:00,84.5015,75.866
2022-03-29 00:00:00,85.0295,76.21
2022-03-28 00:00:00,84.0001,75.856
2022-03-25 00:00:00,83.4048,75.524
2022-03-24 00:00:00,82.984,74.874
2022-03-23 00:00:00,81.8045,74.84
2022-03-22 00:00:00,82.8173,75.01
2022-03-21 00:00:00,81.8917,74.024
2022-03-18 00:00:00,81.9242,73.52
2022-03-17 00:00:00,80.979,72.342
2022-03-16 00:00:00,79.9876,72.222
2022-03-15 00:00:00,78.235,71.134
2022-03-14 00:00:00,76.5939,70.112
2022-03-11 00:00:00,77.1526,71.254
2022-03-10 00:00:00,78.1621,70.182
2022-03-09 00:00:00,78.4917,70.754
2022-03-08 00:00:00,76.5169,70.234
2022-03-07 00:00:00,77.0724,71.958
2022-03-04 00:00:00,79.4154,72.116
2022-03-03 00:00:00,80.0454,72.43
2022-03-02 00:00:00,80.4598,72.292
2022-03-01 00:00:00,78.9855,71.294
2022-02-28 00:00:00,80.2242,71.6
2022-02-25 00:00:00,80.4136,71.082
2022-02-24 00:00:00,78.6449,68.798
2022-02-23 00:00:00,77.4812,69.44
2022-02-22 00:00:00,78.9339,69.856
2022-02-21 00:00:00,79.7417,69.742
2022-02-18 00:00:00,79.7422,70.466
2022-02-17 00:00:00,80.3077,71.336
2022-02-16 00:00:00,82.0364,71.656
2022-02-15 00:00:00,81.9549,72.08
2022-02-14 00:00:00,80.6736,71.528
2022-02-11 00:00:00,80.9811,72.142
2022-02-10 00:00:00,82.5447,72.726
2022-02-09 00:00:00,84.0577,73.308
2022-02-08 00:00:00,82.8468,72.382
2022-02-07 00:00:00,82.1563,72.012
2022-02-04 00:00:00,82.4604,71.73
2022-02-03 00:00:00,82.0259,72.56
2022-02-02 00:00:00,84.0736,73.858
2022-02-01 00:00:00,83.2873,73.574
2022-01-31 00:00:00,82.7195,72.948
2022-01-28 00:00:00,81.1857,71.624
2022-01-27 00:00:00,79.2488,72.43
2022-01-26 00:00:00,79.6734,71.78
2022-01-25 00:00:00,79.7923,70.104
2022-01-24 00:00:00,80.7751,69.422
2022-01-21 00:00:00,80.5522,72.44
2022-01-20 00:00:00,82.1042,74.26
2022-01-19 00:00:00,83.0151,73.708
2022-01-18 00:00:00,83.8261,74.082
2022-01-17 00:00:00,85.3947,74.946
2022-01-14 00:00:00,85.3952,74.34
2022-01-13 00:00:00,85.3241,75.45
2022-01-12 00:00:00,86.5484,75.734
2022-01-11 00:00:00,86.3043,75.488
2022-01-10 00:00:00,85.5212,74.53
2022-01-07 00:00:00,85.6449,75.56
2022-01-06 00:00:00,85.9802,76.178
2022-01-05 00:00:00,86.0581,77.362
2022-01-04 00:00:00,87.7542,77.78
2022-01-03 00:00:00,87.037,77.248
2021-12-31 00:00:00,87.2488,77.54
2021-12-30 00:00:00,87.4752,77.54
2021-12-29 00:00:00,87.7306,77.236
2021-12-28 00:00:00,87.6078,77.532
2021-12-27 00:00:00,87.0842,77.07
2021-12-24 00:00:00,86.4974,76.552
2021-12-23 00:00:00,86.4975,76.552
2021-12-22 00:00:00,85.9615,75.698
2021-12-21 00:00:00,85.0875,74.832
2021-12-20 00:00:00,83.5959,73.438
2021-12-17 00:00:00,84.5586,75.41
2021-12-16 00:00:00,85.4337,76.124
2021-12-15 00:00:00,86.1843,75.004
2021-12-14 00:00:00,84.7971,74.964
2021-12-13 00:00:00,85.4253,75.788
2021-12-10 00:00:00,86.212,75.708
2021-12-09 00:00:00,85.396,76.066
2021-12-08 00:00:00,86.0047,75.572
2021-12-07 00:00:00,85.7388,76.31
2021-12-06 00:00:00,83.9989,74.348
2021-12-03 00:00:00,83.0236,73.502
2021-12-02 00:00:00,83.7279,73.63
2021-12-01 00:00:00,82.5448,75.02
2021-11-30 00:00:00,83.5264,74.392
2021-11-29 00:00:00,85.1305,75.366
2021-11-26 00:00:00,84.018,74.284
2021-11-25 00:00:00,85.9693,76.82
2021-11-24 00:00:00,85.9695,76.58
2021-11-23 00:00:00,85.7698,75.76
2021-11-22 00:00:00,85.6274,76.816
2021-11-19 00:00:00,85.8961,76.078
2021-11-18 00:00:00,86.0148,75.632
2021-11-17 00:00:00,85.7184,75.85
2021-11-16 00:00:00,85.9275,75.9
2021-11-15 00:00:00,85.593,75.02
2021-11-12 00:00:00,85.5913,74.744
2021-11-11 00:00:00,84.9709,74.28
2021-11-10 00:00:00,84.9243,74.22
2021-11-09 00:00:00,85.6123,73.878
2021-11-08 00:00:00,85.9078,74.182
2021-11-05 00:00:00,85.8314,74.448
2021-11-04 00:00:00,85.5052,73.924
2021-11-03 00:00:00,85.1399,73.0
2021-11-02 00:00:00,84.5936,73.078
2021-11-01 00:00:00,84.2832,72.668
2021-10-29 00:00:00,84.1313,72.644
2021-10-28 00:00:00,83.9598,71.798
2021-10-27 00:00:00,83.1393,72.044
2021-10-26 00:00:00,83.56,72.316
2021-10-25 00:00:00,83.4082,71.728
2021-10-22 00:00:00,83.0142,71.208
2021-10-21 00:00:00,83.1025,71.072
2021-10-20 00:00:00,82.8492,71.128
2021-10-19 00:00:00,82.5464,70.846
2021-10-18 00:00:00,81.9399,70.494
2021-10-15 00:00:00,81.6647,70.368
2021-10-14 00:00:00,81.0602,69.76
2021-10-13 00:00:00,79.6931,68.504
2021-10-12 00:00:00,79.4516,69.006
2021-10-11 00:00:00,79.6442,69.618
2021-10-08 00:00:00,80.195,69.444
2021-10-07 00:00:00,80.3479,69.852
2021-10-06 00:00:00,79.6714,68.206
2021-10-05 00:00:00,79.3456,68.638
2021-10-04 00:00:00,78.5121,67.396
2021-10-01 00:00:00,79.5408,68.126
2021-09-30 00:00:00,78.6374,68.538
2021-09-29 00:00:00,79.5805,68.718
2021-09-28 00:00:00,79.4494,68.162
2021-09-27 00:00:00,81.0968,69.38
2021-09-24 00:00:00,81.3214,69.206
2021-09-23 00:00:00,81.2019,69.226
2021-09-22 00:00:00,80.2255,68.48
2021-09-21 00:00:00,79.4692,68.182
2021-09-20 00:00:00,79.5309,67.782
2021-09-17 00:00:00,80.9045,69.04
2021-09-16 00:00:00,81.6484,69.106
2021-09-15 00:00:00,81.7732,68.814
2021-09-14 00:00:00,81.0846,68.876
2021-09-13 00:00:00,81.5358,68.938
2021-09-10 00:00:00,81.3501,69.188
2021-09-09 00:00:00,81.9801,69.676
2021-09-08 00:00:00,82.3536,69.528
2021-09-07 00:00:00,82.46,69.614
2021-09-06 00:00:00,82.7391,69.938
2021-09-03 00:00:00,82.7396,69.656
2021-09-02 00:00:00,82.7655,69.886
2021-09-01 00:00:00,82.52,69.762
2021-08-31 00:00:00,82.4899,70.04
2021-08-30 00:00:00,82.5934,70.154
2021-08-27 00:00:00,82.2351,69.668
2021-08-26 00:00:00,81.5149,69.462
2021-08-25 00:00:00,81.9901,69.768
2021-08-24 00:00:00,81.8077,69.66
2021-08-23 00:00:00,81.6853,69.678
2021-08-20 00:00:00,80.9895,69.236
2021-08-19 00:00:00,80.3325,68.604
2021-08-18 00:00:00,80.227,69.21
2021-08-17 00:00:00,81.0858,69.262
2021-08-16 00:00:00,81.6582,68.918
2021-08-13 00:00:00,81.4432,68.994
2021-08-12 00:00:00,81.3098,69.098
2021-08-11 00:00:00,81.0526,68.94
2021-08-10 00:00:00,80.8499,69.014
2021-08-09 00:00:00,80.7698,68.736
2021-08-06 00:00:00,80.8414,68.684
2021-08-05 00:00:00,80.6985,68.036
2021-08-04 00:00:00,80.2122,67.82
2021-08-03 00:00:00,80.585,67.518
2021-08-02 00:00:00,79.9296,67.676
2021-07-30 00:00:00,80.0776,67.524
2021-07-29 00:00:00,80.5074,67.822
2021-07-28 00:00:00,80.1624,67.932
2021-07-27 00:00:00,80.1772,67.506
2021-07-26 00:00:00,80.5569,68.176
2021-07-23 00:00:00,80.3647,68.228
2021-07-22 00:00:00,79.5555,67.452
2021-07-21 00:00:00,79.3906,67.148
2021-07-20 00:00:00,78.7424,66.794
2021-07-19 00:00:00,77.5647,65.814
2021-07-16 00:00:00,78.8145,67.068
2021-07-15 00:00:00,79.4132,67.33
2021-07-14 00:00:00,79.6721,67.362
2021-07-13 00:00:00,79.5711,67.692
2021-07-12 00:00:00,79.8518,67.21
2021-07-09 00:00:00,79.5777,67.004
2021-07-08 00:00:00,78.69,66.316
2021-07-07 00:00:00,79.3562,67.134
2021-07-06 00:00:00,79.0904,66.632
2021-07-05 00:00:00,79.2477,66.836
2021-07-02 00:00:00,79.2482,66.63
2021-07-01 00:00:00,78.6499,66.196
2021-06-30 00:00:00,78.237,65.99
2021-06-29 00:00:00,78.1316,65.646
2021-06-28 00:00:00,78.1042,65.278
2021-06-25 00:00:00,77.924,65.184
2021-06-24 00:00:00,77.6647,65.082
2021-06-23 00:00:00,77.21,64.712
2021-06-22 00:00:00,77.2937,64.834
2021-06-21 00:00:00,76.8998,64.44
2021-06-18 00:00:00,75.8355,64.138
2021-06-17 00:00:00,76.8408,64.572
2021-06-16 00:00:00,76.8722,63.776
2021-06-15 00:00:00,77.2881,63.646
2021-06-14 00:00:00,77.4416,63.604
2021-06-11 00:00:00,77.2854,63.756
2021-06-10 00:00:00,77.1339,63.38
2021-06-09 00:00:00,76.7735,63.176
2021-06-08 00:00:00,76.9112,62.952
2021-06-07 00:00:00,76.8966,62.92
2021-06-04 00:00:00,76.9567,63.106
2021-06-03 00:00:00,76.2824,62.972
2021-06-02 00:00:00,76.5498,62.8
2021-06-01 00:00:00,76.4322,62.556
2021-05-31 00:00:00,76.4682,62.442
2021-05-28 00:00:00,76.4687,62.87
2021-05-27 00:00:00,76.402,62.728
2021-05-26 00:00:00,76.3075,62.508
2021-05-25 00:00:00,76.1639,62.282
2021-05-24 00:00:00,76.3251,62.272
2021-05-21 00:00:00,75.5701,62.272
2021-05-20 00:00:00,75.6527,61.94
2021-05-19 00:00:00,74.8318,60.784
2021-05-18 00:00:00,75.0437,61.97
2021-05-17 00:00:00,75.6805,62.128
2021-05-14 00:00:00,75.8725,62.4
2021-05-13 00:00:00,74.7527,61.896
2021-05-12 00:00:00,73.8435,61.67
2021-05-11 00:00:00,75.4531,61.96
2021-05-10 00:00:00,76.1125,63.216
2021-05-07 00:00:00,76.914,63.336
2021-05-06 00:00:00,76.3404,62.96
2021-05-05 00:00:00,75.7127,63.306
2021-05-04 00:00:00,75.6595,62.596
2021-05-03 00:00:00,76.1681,63.23
2021-04-30 00:00:00,75.9598,63.16
2021-04-29 00:00:00,76.5048,62.87
2021-04-28 00:00:00,75.9878,62.94
2021-04-27 00:00:00,76.0517,62.94
2021-04-26 00:00:00,76.0676,63.036
2021-04-23 00:00:00,75.9328,62.89
2021-04-22 00:00:00,75.1102,63.15
2021-04-21 00:00:00,75.8031,62.716
2021-04-20 00:00:00,75.1045,62.214
2021-04-19 00:00:00,75.6168,62.89
2021-04-16 00:00:00,76.0204,63.336
2021-04-15 00:00:00,75.7475,63.18
2021-04-14 00:00:00,74.9155,62.876
2021-04-13 00:00:00,75.2149,62.896
2021-04-12 00:00:00,74.9683,62.82
2021-04-09 00:00:00,74.9823,62.69
2021-04-08 00:00:00,74.4076,62.44
2021-04-07 00:00:00,74.0806,62.23
2021-04-06 00:00:00,73.9704,62.57
2021-04-05 00:00:00,74.0397,62.6789
2021-04-01 00:00:00,72.9784,61.83
2021-03-31 00:00:00,72.1256,61.604
2021-03-30 00:00:00,71.8604,61.31
2021-03-29 00:00:00,72.0816,61.016
2021-03-26 00:00:00,72.1447,60.62
2021-03-25 00:00:00,70.9643,59.99
2021-03-24 00:00:00,70.5923,60.33
2021-03-23 00:00:00,70.9763,60.29
2021-03-22 00:00:00,71.5224,59.976
2021-03-19 00:00:00,71.024,59.8
2021-03-18 00:00:00,71.06,60.26
2021-03-17 00:00:00,72.1213,60.15
2021-03-16 00:00:00,71.9138,60.55
2021-03-15 00:00:00,72.0252,59.94
2021-03-12 00:00:00,71.5583,59.62
2021-03-11 00:00:00,71.471,59.96
2021-03-10 00:00:00,70.7318,59.506
2021-03-09 00:00:00,70.3049,59.348
2021-03-08 00:00:00,69.3184,59.16
2021-03-05 00:00:00,69.6917,57.04
2021-03-04 00:00:00,68.3567,57.616
2021-03-03 00:00:00,69.2756,58.07
2021-03-02 00:00:00,70.1896,58.256
2021-03-01 00:00:00,70.7608,58.636
2021-02-26 00:00:00,69.1159,57.576
2021-02-25 00:00:00,69.439,57.67
2021-02-24 00:00:00,71.1725,58.31
2021-02-23 00:00:00,70.3731,57.55
2021-02-22 00:00:00,70.2837,58.026
2021-02-19 00:00:00,70.8267,58.69
2021-02-18 00:00:00,70.9549,58.526
2021-02-17 00:00:00,71.2634,58.81
2021-02-16 00:00:00,71.2765,58.91
2021-02-15 00:00:00,71.3097,59.09
2021-02-12 00:00:00,71.31,58.67
2021-02-11 00:00:00,70.9727,58.55
2021-02-10 00:00:00,70.8429,58.32
2021-02-09 00:00:00,70.8659,58.576
2021-02-08 00:00:00,70.9256,58.65
2021-02-05 00:00:00,70.413,58.54
2021-02-04 00:00:00,70.1272,58.32
2021-02-03 00:00:00,69.3674,57.696
2021-02-02 00:00:00,69.2996,57.79
2021-02-01 00:00:00,68.3493,56.35
2021-01-29 00:00:00,67.2702,55.68
2021-01-28 00:00:00,68.587,56.94
2021-01-27 00:00:00,67.9185,56.68
2021-01-26 00:00:00,69.7083,57.37
2021-01-25 00:00:00,69.8119,57.09
2021-01-22 00:00:00,69.5607,57.116
2021-01-21 00:00:00,69.7704,57.45
2021-01-20 00:00:00,69.7435,57.43
2021-01-19 00:00:00,68.7852,56.526
2021-01-18 00:00:00,68.2281,56.596
2021-01-15 00:00:00,68.2284,56.52
2021-01-14 00:00:00,68.7216,56.9
2021-01-13 00:00:00,68.9739,56.72
2021-01-12 00:00:00,68.8161,56.616
2021-01-11 00:00:00,68.7875,56.71
2021-01-08 00:00:00,69.2418,56.316
2021-01-07 00:00:00,68.8563,56.07
2021-01-06 00:00:00,67.8366,55.54
2021-01-05 00:00:00,67.4508,54.694
2021-01-04 00:00:00,66.9698,54.58
2020-12-31 00:00:00,67.97,55.4197
2020-12-30 00:00:00,67.5308,55.086
2020-12-29 00:00:00,67.4342,55.244
2020-12-28 00:00:00,67.5866,55.31
2020-12-24 00:00:00,67.0027,54.9787
2020-12-23 00:00:00,66.7605,54.926
2020-12-22 00:00:00,66.7098,54.722
2020-12-21 00:00:00,66.8437,54.222
2020-12-18 00:00:00,67.1003,54.732
2020-12-17 00:00:00,67.3323,54.88
2020-12-16 00:00:00,66.9443,55.032
2020-12-15 00:00:00,66.8259,54.572
2020-12-14 00:00:00,65.9732,54.772
2020-12-11 00:00:00,66.2519,54.416
2020-12-10 00:00:00,66.3349,54.86
2020-12-09 00:00:00,66.4161,55.31
2020-12-08 00:00:00,66.943,55.23
2020-12-07 00:00:00,66.7556,55.052
2020-12-04 00:00:00,66.8853,55.016
2020-12-03 00:00:00,66.2962,54.714
2020-12-02 00:00:00,66.3273,54.752
2020-12-01 00:00:00,66.2061,55.102
2020-11-30 00:00:00,65.4687,54.476
2020-11-27 00:00:00,65.7624,54.974
2020-11-26 00:00:00,65.5996,55.11
2020-11-25 00:00:00,65.5997,55.05
2020-11-24 00:00:00,65.7019,55.22
2020-11-23 00:00:00,64.6566,54.37
2020-11-20 00:00:00,64.2884,54.54
2020-11-19 00:00:00,64.7274,54.31
2020-11-18 00:00:00,64.4695,55.062
2020-11-17 00:00:00,65.2129,54.99
2020-11-16 00:00:00,65.5194,55.31
2020-11-13 00:00:00,64.7648,54.412
2020-11-12 00:00:00,63.8908,54.42
2020-11-11 00:00:00,64.5233,54.856
2020-11-10 00:00:00,64.0338,54.056
2020-11-09 00:00:00,64.1144,55.17
2020-11-06 00:00:00,63.354,53.306
2020-11-05 00:00:00,63.3803,53.734
2020-11-04 00:00:00,62.1606,53.488
2020-11-03 00:00:00,60.8176,52.136
2020-11-02 00:00:00,59.7563,51.376
2020-10-30 00:00:00,59.0292,50.56
2020-10-29 00:00:00,59.7484,51.122
2020-10-28 00:00:00,59.039,50.69
2020-10-27 00:00:00,61.1982,51.83
2020-10-26 00:00:00,61.3831,51.71
2020-10-23 00:00:00,62.5453,52.62
2020-10-22 00:00:00,62.33,52.4
2020-10-21 00:00:00,62.0021,52.4
2020-10-20 00:00:00,62.1372,52.544
2020-10-19 00:00:00,61.8443,53.236
2020-10-16 00:00:00,62.8707,53.912
2020-10-15 00:00:00,62.8617,53.414
2020-10-14 00:00:00,62.9537,53.868
2020-10-13 00:00:00,63.3684,54.188
2020-10-12 00:00:00,63.7707,53.928
2020-10-09 00:00:00,62.7416,52.962
2020-10-08 00:00:00,62.1939,52.682
2020-10-07 00:00:00,61.6842,52.254
2020-10-06 00:00:00,60.6285,52.122
2020-10-05 00:00:00,61.4865,51.952
2020-10-02 00:00:00,60.3961,51.606
2020-10-01 00:00:00,60.9794,51.932
2020-09-30 00:00:00,60.6531,51.872
2020-09-29 00:00:00,60.1552,51.336
2020-09-28 00:00:00,60.4396,51.822
2020-09-25 00:00:00,59.4816,50.718
2020-09-24 00:00:00,58.5449,50.256
2020-09-23 00:00:00,58.3682,50.884
2020-09-22 00:00:00,59.7812,50.506
2020-09-21 00:00:00,59.1597,49.717
2020-09-18 00:00:00,59.8501,50.694
2020-09-17 00:00:00,60.5261,51.284
2020-09-16 00:00:00,61.0388,52.078
2020-09-15 00:00:00,61.32,51.98
2020-09-14 00:00:00,61.0007,51.564
2020-09-11 00:00:00,60.2174,51.018
2020-09-10 00:00:00,60.1835,51.644
2020-09-09 00:00:00,61.2581,51.882
2020-09-08 00:00:00,60.0461,51.258
2020-09-07 00:00:00,61.757,52.36
2020-09-04 00:00:00,61.7573,51.61
2020-09-03 00:00:00,62.2649,52.938
2020-09-02 00:00:00,64.5207,53.99
2020-09-01 00:00:00,63.5387,52.952
2020-08-31 00:00:00,63.063,52.752
2020-08-28 00:00:00,63.1959,52.878
2020-08-27 00:00:00,62.7682,53.338
2020-08-26 00:00:00,62.6604,52.7
2020-08-25 00:00:00,62.0278,52.314
2020-08-24 00:00:00,61.8048,52.196
2020-08-21 00:00:00,61.1846,51.77
2020-08-20 00:00:00,60.9719,51.328
2020-08-19 00:00:00,60.7783,51.442
2020-08-18 00:00:00,61.0388,51.14
2020-08-17 00:00:00,60.8907,51.344
2020-08-14 00:00:00,60.7244,51.394
2020-08-13 00:00:00,60.7314,51.46
2020-08-12 00:00:00,60.8429,51.556
2020-08-11 00:00:00,59.9959,51.604
2020-08-10 00:00:00,60.4775,51.27
2020-08-07 00:00:00,60.3118,51.086
2020-08-06 00:00:00,60.2631,50.504
2020-08-05 00:00:00,59.8711,50.34
2020-08-04 00:00:00,59.4889,50.472
2020-08-03 00:00:00,59.2751,50.53
2020-07-31 00:00:00,58.8526,49.343
2020-07-30 00:00:00,58.4,49.363
2020-07-29 00:00:00,58.61,49.582
2020-07-28 00:00:00,57.8902,49.67
2020-07-27 00:00:00,58.267,49.268
2020-07-24 00:00:00,57.839,49.778
2020-07-23 00:00:00,58.1987,50.76
2020-07-22 00:00:00,58.9207,50.66
2020-07-21 00:00:00,58.5832,51.218
2020-07-20 00:00:00,58.4843,50.866
2020-07-17 00:00:00,57.997,50.64
2020-07-16 00:00:00,57.8296,50.434
2020-07-15 00:00:00,58.026,50.73
2020-07-14 00:00:00,57.5025,49.959
2020-07-13 00:00:00,56.7359,51.116
2020-07-10 00:00:00,57.2724,50.244
2020-07-09 00:00:00,56.6788,49.786
2020-07-08 00:00:00,56.9871,49.934
2020-07-07 00:00:00,56.544,50.554
2020-07-06 00:00:00,57.1623,50.564
2020-07-03 00:00:00,56.269,49.973
2020-07-02 00:00:00,56.2691,50.248
2020-07-01 00:00:00,56.004,49.571
2020-06-30 00:00:00,55.7231,49.128
2020-06-29 00:00:00,54.8743,48.597
2020-06-26 00:00:00,54.074,48.559
2020-06-25 00:00:00,55.416,48.736
2020-06-24 00:00:00,54.8126,48.687
2020-06-23 00:00:00,56.2662,49.979
2020-06-22 00:00:00,56.0249,49.509
2020-06-19 00:00:00,55.6629,50.284
2020-06-18 00:00:00,55.9711,49.838
2020-06-17 00:00:00,55.9365,50.052
2020-06-16 00:00:00,56.1387,49.791
2020-06-15 00:00:00,55.0935,48.047
2020-06-12 00:00:00,54.6374,48.533
2020-06-11 00:00:00,53.9204,48.619
2020-06-10 00:00:00,57.2918,50.468
2020-06-09 00:00:00,57.5981,50.742
2020-06-08 00:00:00,58.0472,51.044
2020-06-05 00:00:00,57.3557,50.952
2020-06-04 00:00:00,55.8906,49.399
2020-06-03 00:00:00,56.069,49.846
2020-06-02 00:00:00,55.3092,49.161
2020-06-01 00:00:00,54.8573,48.7954
2020-05-29 00:00:00,54.6501,48.647
2020-05-28 00:00:00,54.3822,49.552
2020-05-27 00:00:00,54.4894,48.899
2020-05-26 00:00:00,53.6926,49.152
2020-05-25 00:00:00,53.0396,49.312
2020-05-22 00:00:00,53.0399,48.405
2020-05-21 00:00:00,52.9068,48.284
2020-05-20 00:00:00,53.3191,48.631
2020-05-19 00:00:00,52.4377,48.565
2020-05-18 00:00:00,52.9891,48.731
2020-05-15 00:00:00,51.3652,46.951
2020-05-14 00:00:00,51.1609,46.635
2020-05-13 00:00:00,50.5682,46.946
2020-05-12 00:00:00,51.4627,48.307
2020-05-11 00:00:00,52.5359,48.471
2020-05-08 00:00:00,52.5273,48.213
2020-05-07 00:00:00,51.6475,48.063
2020-05-06 00:00:00,51.0438,47.604
2020-05-05 00:00:00,51.3995,47.818
2020-05-04 00:00:00,50.9385,46.302
2020-05-01 00:00:00,50.7238,46.2389
2020-04-30 00:00:00,52.1831,47.705
2020-04-29 00:00:00,52.6675,48.439
2020-04-28 00:00:00,51.3028,47.665
2020-04-27 00:00:00,51.5717,47.566
2020-04-24 00:00:00,50.8238,46.449
2020-04-23 00:00:00,50.1244,46.878
2020-04-22 00:00:00,50.1487,46.177
2020-04-21 00:00:00,49.0228,45.082
2020-04-20 00:00:00,50.5727,47.241
2020-04-17 00:00:00,51.4954,46.762
2020-04-16 00:00:00,50.1494,46.184
2020-04-15 00:00:00,49.8594,45.592
2020-04-14 00:00:00,50.9799,46.105
2020-04-13 00:00:00,49.4628,45.0174
2020-04-09 00:00:00,49.9663,45.763
2020-04-08 00:00:00,49.2472,44.782
2020-04-07 00:00:00,47.6163,44.861
2020-04-06 00:00:00,47.6922,43.252
2020-04-03 00:00:00,44.5607,41.407
2020-04-02 00:00:00,45.2396,41.426
2020-04-01 00:00:00,44.223,41.058
2020-03-31 00:00:00,46.2649,43.01
2020-03-30 00:00:00,47.0136,42.316
2020-03-27 00:00:00,45.4829,41.391
2020-03-26 00:00:00,47.0667,42.15
2020-03-25 00:00:00,44.3028,41.541
2020-03-24 00:00:00,43.7976,40.713
2020-03-23 00:00:00,40.0362,37.219
2020-03-20 00:00:00,41.2442,39.875
2020-03-19 00:00:00,43.1051,40.034
2020-03-18 00:00:00,42.9047,39.172
2020-03-17 00:00:00,45.2389,40.708
2020-03-16 00:00:00,42.6953,41.7
2020-03-13 00:00:00,48.4927,40.64
2020-03-12 00:00:00,44.3609,40.507
2020-03-11 00:00:00,49.0144,43.985
2020-03-10 00:00:00,51.5255,43.526
2020-03-09 00:00:00,49.1031,43.607
2020-03-06 00:00:00,53.1321,46.628
2020-03-05 00:00:00,54.0521,49.007
2020-03-04 00:00:00,55.9383,49.108
2020-03-03 00:00:00,53.6726,48.776
2020-03-02 00:00:00,55.2202,48.338
2020-02-28 00:00:00,52.7925,47.337
2020-02-27 00:00:00,53.2208,49.652
2020-02-26 00:00:00,55.6717,51.964
2020-02-25 00:00:00,55.8841,52.344
2020-02-24 00:00:00,57.6269,53.316
2020-02-21 00:00:00,59.617,55.056
2020-02-20 00:00:00,60.2481,55.47
2020-02-19 00:00:00,60.4772,56.114
2020-02-18 00:00:00,60.185,55.492
2020-02-17 00:00:00,60.3584,55.852
2020-02-14 00:00:00,60.3588,55.646
2020-02-13 00:00:00,60.24,55.628
2020-02-12 00:00:00,60.3218,55.316
2020-02-11 00:00:00,59.9326,55.002
2020-02-10 00:00:00,59.8298,54.622
2020-02-07 00:00:00,59.3871,54.414
2020-02-06 00:00:00,59.7,54.336
2020-02-05 00:00:00,59.494,53.864
2020-02-04 00:00:00,58.8313,53.394
2020-02-03 00:00:00,57.9624,52.419
2020-01-31 00:00:00,57.5467,51.928
2020-01-30 00:00:00,58.5808,
2020-01-29 00:00:00,58.3896,
2020-01-28 00:00:00,58.4396,
2020-01-27 00:00:00,57.8561,
2020-01-24 00:00:00,58.7814,
2020-01-23 00:00:00,59.3167,
2020-01-22 00:00:00,59.2452,
2020-01-21 00:00:00,59.2265,
2020-01-20 00:00:00,59.3828,
2020-01-17 00:00:00,59.3831,
2020-01-16 00:00:00,59.1542,
2020-01-15 00:00:00,58.6625,
2020-01-14 00:00:00,58.5521,
2020-01-13 00:00:00,58.6359,
2020-01-10 00:00:00,58.2295,
2020-01-09 00:00:00,58.3965,
2020-01-08 00:00:00,57.9983,
2020-01-07 00:00:00,57.7128,
2020-01-06 00:00:00,57.8701,
2020-01-03 00:00:00,57.6669,
2020-01-02 00:00:00,58.0717,
2019-12-31 00:00:00,57.5832,
2019-12-30 00:00:00,57.4114,
2019-12-27 00:00:00,57.7385,
2019-12-26 00:00:00,57.7372,
2019-12-24 00:00:00,57.438,
2019-12-23 00:00:00,57.4459,
2019-12-20 00:00:00,57.3967,
2019-12-19 00:00:00,57.112,
2019-12-18 00:00:00,56.8556,
2019-12-17 00:00:00,56.8751,
2019-12-16 00:00:00,56.8566,
2019-12-13 00:00:00,56.4523,
2019-12-12 00:00:00,56.4395,
2019-12-11 00:00:00,55.9533,
2019-12-10 00:00:00,55.7909,
2019-12-09 00:00:00,55.8503,
2019-12-06 00:00:00,56.0238,
2019-12-05 00:00:00,55.5147,
2019-12-04 00:00:00,55.4184,
2019-12-03 00:00:00,55.0653,
2019-12-02 00:00:00,55.4318,
2019-11-29 00:00:00,55.9126,
2019-11-28 00:00:00,56.127,
2019-11-27 00:00:00,56.1271,
2019-11-26 00:00:00,55.8885,
2019-11-25 00:00:00,55.7645,
2019-11-22 00:00:00,55.344,
2019-11-21 00:00:00,55.2233,
2019-11-20 00:00:00,55.3072,
2019-11-19 00:00:00,55.5064,
2019-11-18 00:00:00,55.5368,
2019-11-15 00:00:00,55.5082,
2019-11-14 00:00:00,55.0769,
2019-11-13 00:00:00,55.0194,
2019-11-12 00:00:00,54.9786,
2019-11-11 00:00:00,54.8903,
2019-11-08 00:00:00,54.9984,
2019-11-07 00:00:00,54.8497,
2019-11-06 00:00:00,54.6782,
2019-11-05 00:00:00,54.6366,
2019-11-04 00:00:00,54.7012,
2019-11-01 00:00:00,54.499,
2019-10-31 00:00:00,53.9738,
2019-10-30 00:00:00,54.1342,
2019-10-29 00:00:00,53.9819,
2019-10-28 00:00:00,53.9992,
2019-10-25 00:00:00,53.7001,
2019-10-24 00:00:00,53.4814,
2019-10-23 00:00:00,53.3794,
2019-10-22 00:00:00,53.226,
2019-10-21 00:00:00,53.4154,
2019-10-18 00:00:00,53.0501,
2019-10-17 00:00:00,53.2575,
2019-10-16 00:00:00,53.1076,
2019-10-15 00:00:00,53.2106,
2019-10-14 00:00:00,52.6859,
2019-10-11 00:00:00,52.7593,
2019-10-10 00:00:00,52.1735,
2019-10-09 00:00:00,51.8509,
2019-10-08 00:00:00,51.3696,
2019-10-07 00:00:00,52.1804,
2019-10-04 00:00:00,52.4152,
2019-10-03 00:00:00,51.6806,
2019-10-02 00:00:00,51.2605,
2019-10-01 00:00:00,52.1952,
2019-09-30 00:00:00,52.8404,
2019-09-27 00:00:00,52.5731,
2019-09-26 00:00:00,52.848,
2019-09-25 00:00:00,52.9738,
2019-09-24 00:00:00,52.6498,
2019-09-23 00:00:00,53.0929,
2019-09-20 00:00:00,53.097,
2019-09-19 00:00:00,53.3566,
2019-09-18 00:00:00,53.3529,
2019-09-17 00:00:00,53.3346,
2019-09-16 00:00:00,53.1973,
2019-09-13 00:00:00,53.3631,
2019-09-12 00:00:00,53.3898,
2019-09-11 00:00:00,53.2297,
2019-09-10 00:00:00,52.8453,
2019-09-09 00:00:00,52.827,
2019-09-06 00:00:00,52.829,
2019-09-05 00:00:00,52.7783,
2019-09-04 00:00:00,52.0917,
2019-09-03 00:00:00,51.5295,
2019-09-02 00:00:00,51.8838,
2019-08-30 00:00:00,51.8837,
2019-08-29 00:00:00,51.845,
2019-08-28 00:00:00,51.1884,
2019-08-27 00:00:00,50.8533,
2019-08-26 00:00:00,51.0175,
2019-08-23 00:00:00,50.4587,
2019-08-22 00:00:00,51.8016,
2019-08-21 00:00:00,51.8274,
2019-08-20 00:00:00,51.4011,
2019-08-19 00:00:00,51.8077,
2019-08-16 00:00:00,51.1878,
2019-08-15 00:00:00,50.4545,
2019-08-14 00:00:00,50.3234,
2019-08-13 00:00:00,51.8269,
2019-08-12 00:00:00,51.0705,
2019-08-09 00:00:00,51.6817,
2019-08-08 00:00:00,52.0193,
2019-08-07 00:00:00,51.0503,
2019-08-06 00:00:00,51.0099,
2019-08-05 00:00:00,50.3505,
2019-08-02 00:00:00,51.8952,
2019-08-01 00:00:00,52.2719,
2019-07-31 00:00:00,52.7418,
2019-07-30 00:00:00,53.3211,
2019-07-29 00:00:00,53.4548,
2019-07-26 00:00:00,53.5412,
2019-07-25 00:00:00,53.1487,
2019-07-24 00:00:00,53.4296,
2019-07-23 00:00:00,53.1784,
2019-07-22 00:00:00,52.8162,
2019-07-19 00:00:00,52.6661,
2019-07-18 00:00:00,52.9918,
2019-07-17 00:00:00,52.798,
2019-07-16 00:00:00,53.1449,
2019-07-15 00:00:00,53.3251,
2019-07-12 00:00:00,53.316,
2019-07-11 00:00:00,53.0669,
2019-07-10 00:00:00,52.946,
2019-07-09 00:00:00,52.7078,
2019-07-08 00:00:00,52.629,
2019-07-05 00:00:00,52.8842,
2019-07-04 00:00:00,52.9755,
2019-07-03 00:00:00,52.9755,
2019-07-02 00:00:00,52.562,
2019-07-01 00:00:00,52.4069,
2019-06-28 00:00:00,52.007,
2019-06-27 00:00:00,51.7079,
2019-06-26 00:00:00,51.5045,
2019-06-25 00:00:00,51.5684,
2019-06-24 00:00:00,52.0632,
2019-06-21 00:00:00,52.1527,
2019-06-20 00:00:00,52.2167,
2019-06-19 00:00:00,51.7224,
2019-06-18 00:00:00,51.5688,
2019-06-17 00:00:00,51.0713,
2019-06-14 00:00:00,51.0238,
2019-06-13 00:00:00,51.1004,
2019-06-12 00:00:00,50.8792,
2019-06-11 00:00:00,50.9826,
2019-06-10 00:00:00,50.9986,
2019-06-07 00:00:00,50.762,
2019-06-06 00:00:00,50.231,
2019-06-05 00:00:00,49.9134,
2019-06-04 00:00:00,49.5045,
2019-06-03 00:00:00,48.4643,
2019-05-31 00:00:00,48.5974,
2019-05-30 00:00:00,49.2391,
2019-05-29 00:00:00,49.1299,
2019-05-28 00:00:00,49.4714,
2019-05-27 00:00:00,49.8894,
2019-05-24 00:00:00,49.8897,
2019-05-23 00:00:00,49.8149,
2019-05-22 00:00:00,50.4116,
2019-05-21 00:00:00,50.5537,
2019-05-20 00:00:00,50.1272,
2019-05-17 00:00:00,50.4673,
2019-05-16 00:00:00,50.7592,
2019-05-15 00:00:00,50.3002,
2019-05-14 00:00:00,50.0,
